City_ID,City,Country,Date,Lat,Lng,Max Temp,Humidity,Cloudiness,Wind Speed
0,Coquimbo,CL,2022-11-17 05:07:37,-29.9533,-71.3436,56.93,100,0,1.14
1,Arraial Do Cabo,BR,2022-11-17 05:07:37,-22.9661,-42.0278,71.35,74,56,12.53
2,Bredasdorp,ZA,2022-11-17 05:06:32,-34.5322,20.0403,59.23,63,100,2.66
3,Magaramkent,RU,2022-11-17 05:07:38,41.6159,48.348,50.5,56,22,1.52
4,Butaritari,KI,2022-11-17 05:06:12,3.0707,172.7902,81.34,76,68,14.5
5,Albany,US,2022-11-17 05:02:13,42.6001,-73.9662,36.59,89,56,1.01
6,Avera,US,2022-11-17 05:07:38,33.194,-82.5271,46.45,46,100,14.12
7,Hibbing,US,2022-11-17 05:07:39,47.4272,-92.9377,22.6,61,100,0.0
8,Adrar,MR,2022-11-17 05:07:39,20.5022,-10.0711,69.6,22,0,10.25
9,Busselton,AU,2022-11-17 05:04:59,-33.65,115.3333,61.99,56,83,20.24
10,Sinnamary,GF,2022-11-17 05:07:40,5.3833,-52.95,77.34,87,100,6.91
11,Vestmannaeyjar,IS,2022-11-17 05:07:40,63.4427,-20.2734,47.66,84,88,41.81
12,Bethanien,NA,2022-11-17 05:07:40,-26.502,17.1583,64.0,39,1,1.3
13,Castro,BR,2022-11-17 05:00:24,-24.7911,-50.0119,52.61,85,0,6.51
14,Codajas,BR,2022-11-17 05:07:41,-3.8367,-62.0569,73.44,96,96,1.74
15,Kaitangata,NZ,2022-11-17 05:04:23,-46.2817,169.8464,55.83,86,96,6.38
16,Jamestown,US,2022-11-17 05:05:02,42.097,-79.2353,33.39,77,100,14.97
17,Punta Arenas,CL,2022-11-17 05:02:35,-53.15,-70.9167,48.11,70,100,10.0
18,Mataura,NZ,2022-11-17 05:04:22,-46.1927,168.8643,58.48,83,99,3.6
19,Cape Town,ZA,2022-11-17 05:01:28,-33.9258,18.4232,64.38,68,89,8.99
20,Baghdad,IQ,2022-11-17 05:06:01,33.3406,44.4009,65.01,71,100,4.47
21,Hermanus,ZA,2022-11-17 05:07:42,-34.4187,19.2345,59.36,67,99,4.97
22,Geraldton,AU,2022-11-17 05:06:10,-28.7667,114.6,68.41,56,100,17.27
23,Norman Wells,CA,2022-11-17 05:06:41,65.282,-126.8329,11.37,86,94,4.81
24,Kysyl-Syr,RU,2022-11-17 05:06:15,63.8986,122.7617,-9.69,97,100,11.07
25,Georgetown,MY,2022-11-17 05:06:39,5.4112,100.3354,85.93,85,40,8.05
26,Bluff,NZ,2022-11-17 05:04:32,-46.6,168.3333,58.8,93,99,14.34
27,San Patricio,US,2022-11-17 05:07:44,28.017,-97.5169,52.84,60,100,7.99
28,East London,ZA,2022-11-17 05:04:21,-33.0153,27.9116,65.34,94,75,5.75
29,Rawson,AR,2022-11-17 05:07:44,-43.3002,-65.1023,59.99,52,30,18.45
30,Ponta Delgada,PT,2022-11-17 05:07:44,37.7333,-25.6667,61.52,82,40,6.91
31,Purranque,CL,2022-11-17 05:05:11,-40.9167,-73.1667,51.13,96,30,1.03
32,Araouane,ML,2022-11-17 05:07:18,18.9048,-3.5265,68.9,15,100,11.36
33,Lavrentiya,RU,2022-11-17 05:07:45,65.5833,-171.0,33.06,99,100,12.48
34,Bethel,US,2022-11-17 05:04:06,41.3712,-73.414,39.51,72,0,8.05
35,Yen Bai,VN,2022-11-17 05:07:46,21.7,104.8667,82.33,71,76,4.32
36,Polunochnoye,RU,2022-11-17 05:07:46,60.8697,60.4153,-12.26,93,22,2.95
37,Ribeira Grande,PT,2022-11-17 05:07:46,38.5167,-28.7,61.77,65,65,8.99
38,Chokurdakh,RU,2022-11-17 05:06:23,70.6333,147.9167,-17.43,98,92,5.59
39,Te Anau,NZ,2022-11-17 05:06:08,-45.4167,167.7167,56.97,93,100,3.56
40,Iracoubo,GF,2022-11-17 05:07:47,5.4802,-53.2011,77.43,85,100,6.69
41,Vaini,TO,2022-11-17 05:06:24,-21.2,-175.2,78.17,66,1,3.78
42,Avarua,CK,2022-11-17 05:06:15,-21.2078,-159.775,75.25,73,75,13.8
43,Padang,ID,2022-11-17 05:07:48,-0.9492,100.3543,75.25,77,100,5.91
44,Saint-Philippe,RE,2022-11-17 05:07:48,-21.3585,55.7679,76.59,66,23,6.35
45,Saldanha,ZA,2022-11-17 05:04:30,-33.0117,17.9442,60.93,73,94,16.33
46,Llangefni,GB,2022-11-17 05:07:49,53.2556,-4.3106,51.66,96,75,5.75
47,Pandavapura,IN,2022-11-17 05:07:49,12.5006,76.6733,79.07,59,76,6.31
48,Nigran,ES,2022-11-17 05:07:49,42.1415,-8.8066,60.04,78,75,1.99
49,Plaster Rock,CA,2022-11-17 05:07:50,46.9065,-67.39,28.92,97,98,3.71
50,Paamiut,GL,2022-11-17 05:05:09,61.994,-49.6678,11.79,83,68,8.86
51,Ciudad Guayana,VE,2022-11-17 05:07:50,8.3533,-62.6528,78.53,95,100,4.03
52,Tilichiki,RU,2022-11-17 05:07:51,60.4667,166.1,5.83,95,20,5.57
53,Port Hawkesbury,CA,2022-11-17 05:07:51,45.6169,-61.3485,53.91,99,100,11.5
54,Vardo,NO,2022-11-17 05:07:51,70.3705,31.1107,39.18,56,20,16.11
55,Yumen,CN,2022-11-17 05:07:52,40.2833,97.2,42.82,22,32,26.98
56,Airai,TL,2022-11-17 05:04:22,-8.9266,125.4092,76.03,53,85,2.95
57,Kruisfontein,ZA,2022-11-17 05:07:52,-34.0033,24.7314,61.88,67,95,8.9
58,Cidreira,BR,2022-11-17 05:07:53,-30.1811,-50.2056,64.6,65,0,3.67
59,Qaanaaq,GL,2022-11-17 05:06:28,77.484,-69.3632,-6.66,80,100,5.19
60,Omsukchan,RU,2022-11-17 05:07:53,62.5333,155.8,-26.07,93,13,3.38
61,Kununurra,AU,2022-11-17 05:05:25,-15.7667,128.7333,93.18,49,28,8.05
62,Korla,CN,2022-11-17 05:07:54,41.7597,86.1469,43.81,37,100,7.99
63,Robertsport,LR,2022-11-17 05:07:55,6.7533,-11.3686,77.61,82,24,2.75
64,Souillac,MU,2022-11-17 05:01:07,-20.5167,57.5167,74.89,51,0,4.81
65,Gat,IL,2022-11-17 05:07:55,31.61,34.7642,63.39,100,46,6.64
66,Sasykoli,RU,2022-11-17 05:07:56,47.5515,46.9968,41.32,89,100,13.09
67,Hobart,AU,2022-11-17 05:01:44,-42.8794,147.3294,64.27,71,20,18.41
68,Yangambi,CD,2022-11-17 05:07:56,0.8102,24.4336,68.92,99,100,1.14
69,Mehamn,NO,2022-11-17 05:07:57,71.0357,27.8492,44.55,76,75,18.41
70,Neiafu,TO,2022-11-17 05:07:57,-18.65,-173.9833,79.52,66,1,2.44
71,Yaan,NG,2022-11-17 05:07:57,7.3833,8.5667,69.98,83,83,4.54
72,Ouesso,CG,2022-11-17 05:07:58,1.6136,16.0517,69.82,98,100,2.06
73,Mpanda,TZ,2022-11-17 05:07:58,-6.3655,31.0409,68.79,85,99,1.92
74,East Northport,US,2022-11-17 05:07:58,40.8768,-73.3246,41.29,71,0,12.66
75,Upernavik,GL,2022-11-17 05:06:41,72.7868,-56.1549,10.26,95,98,13.96
76,Barrow,US,2022-11-17 05:04:17,71.2906,-156.7887,24.82,74,0,16.11
77,Codrington,AU,2022-11-17 05:07:59,-38.2667,141.9667,58.44,68,72,11.34
78,Ngora,UG,2022-11-17 05:08:00,1.4314,33.7772,67.82,86,95,1.57
79,Camacha,PT,2022-11-17 05:08:00,33.0833,-16.3333,65.62,88,40,6.91
80,Salalah,OM,2022-11-17 05:08:00,17.0151,54.0924,79.02,58,3,0.36
81,Kralendijk,BQ,2022-11-17 05:08:01,12.15,-68.2667,80.58,83,40,9.22
82,Saint George,US,2022-11-17 05:00:18,37.1041,-113.5841,45.19,44,0,1.99
83,Bilibino,RU,2022-11-17 05:00:38,68.0546,166.4372,-6.16,99,94,0.67
84,Puerto Ayora,EC,2022-11-17 05:04:59,-0.7393,-90.3518,69.55,90,93,5.01
85,Ushuaia,AR,2022-11-17 05:01:06,-54.8,-68.3,42.15,73,100,9.44
86,Torbay,CA,2022-11-17 05:08:02,47.6666,-52.7314,33.76,84,100,1.01
87,Hithadhoo,MV,2022-11-17 05:08:02,-0.6,73.0833,81.23,78,74,12.39
88,Pevek,RU,2022-11-17 05:04:30,69.7008,170.3133,-2.56,99,96,6.08
89,Berbera,SO,2022-11-17 05:08:03,10.4396,45.0143,80.13,62,1,5.32
90,Mahebourg,MU,2022-11-17 05:08:03,-20.4081,57.7,77.25,54,7,5.44
91,Srednekolymsk,RU,2022-11-17 05:08:03,67.45,153.6833,-4.43,99,100,4.99
92,Fairbanks,US,2022-11-17 05:07:04,64.8378,-147.7164,3.09,81,0,3.44
93,Teguise,ES,2022-11-17 05:09:04,29.0605,-13.564,57.42,67,0,1.14
94,Calatayud,ES,2022-11-17 05:09:05,41.3535,-1.6432,56.79,87,91,18.12
95,Noumea,NC,2022-11-17 05:09:05,-22.2763,166.4572,84.18,80,100,4.59
96,Port Elizabeth,ZA,2022-11-17 05:09:05,-33.918,25.5701,67.32,77,77,5.99
97,Bubaque,GW,2022-11-17 05:07:08,11.2833,-15.8333,82.74,71,100,7.09
98,Turayf,SA,2022-11-17 05:09:06,31.6725,38.6637,53.33,67,68,5.53
99,Hilo,US,2022-11-17 05:00:16,19.7297,-155.09,72.25,96,75,1.99
100,Ballina,AU,2022-11-17 05:09:06,-28.8667,153.5667,71.02,51,6,11.63
101,Okhotsk,RU,2022-11-17 05:09:07,59.3833,143.3,-1.7,75,7,15.28
102,Nyurba,RU,2022-11-17 05:09:07,63.2842,118.3319,5.63,92,100,4.14
103,Astara,AZ,2022-11-17 05:09:08,38.5,48.6667,43.5,67,4,3.38
104,Shubarshi,KZ,2022-11-17 05:09:08,48.5872,57.1869,26.94,69,100,13.02
105,Lipin Bor,RU,2022-11-17 05:09:09,60.2622,37.9763,27.34,90,79,12.08
106,Narsaq,GL,2022-11-17 05:03:15,60.9167,-46.05,21.42,89,33,5.35
107,Mweka,CD,2022-11-17 05:09:09,-4.85,21.5667,67.48,100,100,1.05
108,Kapaa,US,2022-11-17 05:06:25,22.0752,-159.319,75.52,81,20,13.8
109,New Norfolk,AU,2022-11-17 05:04:25,-42.7826,147.0587,63.91,42,95,3.0
110,Mar Del Plata,AR,2022-11-17 05:03:27,-38.0023,-57.5575,64.83,85,99,5.99
111,Dano,BF,2022-11-17 05:09:10,11.15,-3.0667,69.3,19,34,5.57
112,Turukhansk,RU,2022-11-17 05:09:11,65.8167,87.9833,-33.14,100,95,2.89
113,Port Hardy,CA,2022-11-17 05:08:53,50.6996,-127.4199,42.8,60,92,2.8
114,Russell,US,2022-11-17 05:09:11,32.3502,-85.1999,46.0,53,100,7.58
115,Rikitea,PF,2022-11-17 05:04:18,-23.1203,-134.9692,74.17,89,100,20.38
116,Khatanga,RU,2022-11-17 05:04:20,71.9667,102.5,-32.4,100,94,5.95
117,Mayo,US,2022-11-17 05:09:12,38.8876,-76.5119,43.99,58,100,11.5
118,Mount Isa,AU,2022-11-17 05:09:12,-20.7333,139.5,87.57,16,66,5.75
119,Skelmersdale,GB,2022-11-17 05:09:13,53.5502,-2.7735,48.29,96,100,10.22
120,Alyangula,AU,2022-11-17 05:09:13,-13.8483,136.4192,90.59,50,82,3.09
121,Meschede,DE,2022-11-17 05:09:14,51.35,8.2833,47.79,91,100,16.71
122,Spas-Demensk,RU,2022-11-17 05:09:14,54.4122,34.0226,21.79,88,19,3.89
123,Provideniya,RU,2022-11-17 05:06:10,64.3833,-173.3,35.71,93,100,11.18
124,Nadbai,IN,2022-11-17 05:09:15,27.2333,77.2,74.21,27,0,7.61
125,Aksehir,TR,2022-11-17 05:09:15,38.3575,31.4164,42.73,77,7,5.7
126,Asau,RO,2022-11-17 05:09:15,46.4333,26.4,38.32,87,99,1.01
127,Pilar,BR,2022-11-17 05:04:22,-9.5972,-35.9567,73.33,94,35,3.15
128,Freeport,US,2022-11-17 05:09:16,40.6576,-73.5832,41.97,67,0,12.66
129,Alcudia,ES,2022-11-17 05:09:16,39.8532,3.1214,66.38,80,97,13.27
130,Moravsky Krumlov,CZ,2022-11-17 05:09:17,49.0489,16.3117,45.55,97,100,6.91
131,Tiksi,RU,2022-11-17 05:09:17,71.6872,128.8694,-18.42,99,98,4.07
132,Harper,LR,2022-11-17 05:04:24,4.375,-7.7169,76.37,86,24,1.32
133,Nizhniy Kuranakh,RU,2022-11-17 05:09:18,58.8353,125.4869,18.5,92,100,4.68
134,Linxia,CN,2022-11-17 05:09:18,35.6003,103.2064,48.58,45,77,3.4
135,Esperance,AU,2022-11-17 05:06:17,-33.8667,121.9,65.53,71,36,17.69
136,Mecca,SA,2022-11-17 05:08:13,21.4267,39.8261,78.04,68,58,2.13
137,Alatri,IT,2022-11-17 05:09:19,41.7306,13.3402,55.53,93,17,2.37
138,San Cristobal,VE,2022-11-17 05:09:19,7.7669,-72.225,68.18,98,100,1.43
139,Sao Filipe,CV,2022-11-17 05:09:19,14.8961,-24.4956,76.64,70,81,4.27
140,Cabo San Lucas,MX,2022-11-17 05:04:25,22.8909,-109.9124,74.52,70,54,3.0
141,Mporokoso,ZM,2022-11-17 05:09:20,-9.3727,30.125,65.05,85,90,1.19
142,Vangaindrano,MG,2022-11-17 05:09:21,-23.35,47.6,75.42,79,98,6.46
143,Gold Coast,AU,2022-11-17 05:09:21,-28.0,153.4333,78.78,47,60,18.41
144,Zhezkazgan,KZ,2022-11-17 05:09:22,47.8043,67.7144,21.18,86,100,8.95
145,Tasiilaq,GL,2022-11-17 05:04:25,65.6145,-37.6368,39.36,92,100,16.35
146,Grindavik,IS,2022-11-17 05:09:22,63.8424,-22.4338,46.87,81,75,28.77
147,Sao Joao Da Barra,BR,2022-11-17 05:05:11,-21.6403,-41.0511,69.55,77,96,19.75
148,Port Alfred,ZA,2022-11-17 05:04:29,-33.5906,26.891,65.17,90,88,3.0
149,San Marcos,US,2022-11-17 05:07:42,33.1434,-117.1661,62.15,23,0,4.61
150,Tuatapere,NZ,2022-11-17 05:09:23,-46.1333,167.6833,57.16,89,100,3.98
151,Doume,CM,2022-11-17 05:09:24,4.2333,13.45,66.45,95,69,1.5
152,Ambovombe,MG,2022-11-17 05:07:21,-25.1667,46.0833,77.36,64,2,1.81
153,Longyearbyen,SJ,2022-11-17 05:09:24,78.2186,15.6401,21.04,68,20,8.05
154,Nauta,PE,2022-11-17 05:09:25,-4.5061,-73.5757,71.78,97,100,2.1
155,Kresttsy,RU,2022-11-17 05:09:25,58.2452,32.5165,31.17,97,100,7.34
156,Tuktoyaktuk,CA,2022-11-17 05:04:19,69.4541,-133.0374,18.0,71,88,11.48
157,Paita,PE,2022-11-17 05:09:26,-5.0892,-81.1144,64.49,84,93,11.16
158,Damara,CF,2022-11-17 05:05:12,4.9608,18.7035,70.54,67,89,0.85
159,Le Vauclin,MQ,2022-11-17 05:09:26,14.5452,-60.8388,78.85,83,20,6.91
160,Lokosovo,RU,2022-11-17 05:09:27,61.1333,74.8167,-7.47,90,26,4.36
161,Luderitz,NA,2022-11-17 05:09:27,-26.6481,15.1594,61.32,74,9,11.68
162,Sanary-Sur-Mer,FR,2022-11-17 05:09:28,43.1178,5.8001,60.89,73,100,9.78
163,Jieshi,CN,2022-11-17 05:09:28,22.8134,115.8257,76.8,76,12,10.58
164,Jiangyou,CN,2022-11-17 05:09:29,31.7667,104.7167,57.78,72,100,3.18
165,Praya,CV,2022-11-17 05:09:29,14.9215,-23.5087,72.14,83,20,6.91
166,Coahuayana,MX,2022-11-17 05:09:29,18.7333,-103.6833,74.35,87,0,2.95
167,Snezhnogorsk,RU,2022-11-17 05:09:30,69.1933,33.2531,24.58,85,50,6.82
168,Maceio,BR,2022-11-17 05:09:30,-9.6658,-35.7353,74.64,94,40,8.05
169,Shingu,JP,2022-11-17 05:09:30,33.7333,135.9833,63.34,51,84,4.97
170,Molepolole,BW,2022-11-17 05:09:31,-24.4066,25.4951,76.51,36,1,6.33
171,Henties Bay,NA,2022-11-17 05:09:31,-22.116,14.2845,59.43,92,31,2.46
172,Tateyama,JP,2022-11-17 05:09:31,34.9833,139.8667,61.79,61,99,10.29
173,Bambous Virieux,MU,2022-11-17 05:05:03,-20.3428,57.7575,77.22,55,13,6.17
174,Severo-Kurilsk,RU,2022-11-17 05:08:58,50.6789,156.125,34.43,67,98,5.66
175,Isla Vista,US,2022-11-17 05:09:32,34.4133,-119.861,61.83,50,0,3.44
176,Leningradskiy,RU,2022-11-17 05:09:33,69.3833,178.4167,5.9,94,100,2.57
177,Kavieng,PG,2022-11-17 05:09:33,-2.5744,150.7967,84.29,71,92,7.72
178,Sitka,US,2022-11-17 05:01:58,57.0531,-135.33,43.3,72,30,7.34
179,Ocos,GT,2022-11-17 05:09:33,14.5094,-92.1933,77.18,79,98,3.6
180,Vila Franca Do Campo,PT,2022-11-17 05:09:34,37.7167,-25.4333,61.21,80,95,10.49
181,Yaroslavskaya,RU,2022-11-17 05:09:34,44.6106,40.4642,47.66,75,98,3.11
182,Olean,US,2022-11-17 05:04:42,42.0776,-78.4297,32.68,100,100,5.75
183,Miranda,CO,2022-11-17 05:09:34,3.2499,-76.2281,66.33,95,100,2.28
184,Bengkulu,ID,2022-11-17 05:10:35,-3.8004,102.2655,80.31,74,100,9.15
185,Isangel,VU,2022-11-17 05:10:35,-19.55,169.2667,82.24,72,95,9.33
186,Dikson,RU,2022-11-17 05:10:23,73.5069,80.5464,1.13,92,100,22.77
187,Yenagoa,NG,2022-11-17 05:10:36,4.9247,6.2642,73.89,93,8,3.78
188,Trairi,BR,2022-11-17 05:08:39,-3.2778,-39.2689,78.89,71,31,11.54
189,Zhangjiakou,CN,2022-11-17 05:10:37,40.81,114.8794,47.95,38,6,2.46
190,Luganville,VU,2022-11-17 05:10:37,-15.5333,167.1667,83.71,71,29,4.21
191,Outjo,NA,2022-11-17 05:10:37,-20.1167,16.15,72.95,54,98,3.96
192,Farafangana,MG,2022-11-17 05:10:38,-22.8167,47.8333,77.65,74,69,11.07
193,Sur,OM,2022-11-17 05:10:38,22.5667,59.5289,80.4,59,6,5.3
194,Maykor,RU,2022-11-17 05:10:39,59.0059,55.88,10.47,85,33,1.81
195,Sivaki,RU,2022-11-17 05:10:39,52.6333,126.75,22.53,79,100,9.37
196,Magadan,RU,2022-11-17 05:10:39,59.5667,150.8,6.53,89,100,7.47
197,Mfou,CM,2022-11-17 05:10:40,3.7159,11.6427,65.48,99,75,1.21
198,Clarence Town,AU,2022-11-17 05:10:40,-32.5833,151.7833,66.11,45,20,10.27
199,Roma,US,2022-11-17 05:10:40,43.2128,-75.4557,36.68,94,100,5.75
200,Lagoa,PT,2022-11-17 05:10:41,39.05,-27.9833,60.19,68,100,21.03
201,Aklavik,CA,2022-11-17 05:10:41,68.2191,-135.0107,7.11,77,73,3.83
202,Djibo,BF,2022-11-17 05:10:41,14.1022,-1.6306,70.45,17,57,9.66
203,Carbonia,IT,2022-11-17 05:06:56,39.1672,8.5222,56.05,80,96,11.43
204,Boca Do Acre,BR,2022-11-17 05:10:42,-8.7522,-67.3978,72.57,94,66,1.07
205,Wewak,PG,2022-11-17 05:10:42,-3.5534,143.6268,85.46,68,100,8.16
206,Almeria,ES,2022-11-17 05:10:43,37.1667,-2.3333,57.43,72,80,7.47
207,Muzhi,RU,2022-11-17 05:10:43,65.3667,64.6667,-1.35,87,34,6.78
208,Kodiak,US,2022-11-17 05:09:47,57.79,-152.4072,44.11,93,100,18.41
209,Erice,IT,2022-11-17 05:10:43,38.037,12.5865,61.27,82,49,16.64
210,Ponta Do Sol,PT,2022-11-17 05:06:22,32.6667,-17.1,69.71,83,84,6.85
211,Talnakh,RU,2022-11-17 05:10:44,69.4865,88.3972,-29.92,96,74,4.54
212,Saint-Pierre,RE,2022-11-17 05:05:08,-21.3393,55.4781,76.68,47,0,8.05
213,Camopi,GF,2022-11-17 05:10:45,3.1655,-52.3158,69.48,99,97,2.04
214,Flinders,AU,2022-11-17 05:10:45,-34.5833,150.8552,67.37,55,42,7.0
215,College,US,2022-11-17 05:10:45,64.8569,-147.8028,3.07,80,0,3.44
216,Changping,CN,2022-11-17 05:10:46,40.2186,116.2197,58.64,24,0,2.53
217,Sambava,MG,2022-11-17 05:10:46,-14.2667,50.1667,77.81,74,28,5.79
218,Quatre Cocos,MU,2022-11-17 05:10:46,-20.2078,57.7625,77.09,55,23,6.67
219,Constitucion,CL,2022-11-17 05:10:47,-35.3333,-72.4167,56.44,83,22,10.96
220,Santo Domingo Xenacoj,GT,2022-11-17 05:10:47,14.6778,-90.6978,58.06,97,60,4.5
221,Iqaluit,CA,2022-11-17 05:01:24,63.7506,-68.5145,-2.85,100,86,11.12
222,Iquitos,PE,2022-11-17 05:10:48,-3.7481,-73.2472,71.64,94,0,1.14
223,Bosobolo,CD,2022-11-17 05:10:48,4.1833,19.9,70.07,80,70,0.76
224,Yulara,AU,2022-11-17 05:06:13,-25.2406,130.9889,83.64,37,39,19.26
225,Fortuna,US,2022-11-17 05:04:27,40.5982,-124.1573,43.72,100,0,5.75
226,Faanui,PF,2022-11-17 05:05:04,-16.4833,-151.75,79.88,71,97,2.01
227,Yar-Sale,RU,2022-11-17 05:10:49,66.8333,70.8333,4.17,90,94,9.66
228,Lompoc,US,2022-11-17 05:10:49,34.6391,-120.4579,53.58,74,0,9.22
229,Ikom,NG,2022-11-17 05:10:50,5.9667,8.7063,71.35,96,100,0.96
230,Murmashi,RU,2022-11-17 05:10:50,68.8154,32.8115,25.21,100,40,1.99
231,Shakawe,BW,2022-11-17 05:06:16,-18.3667,21.85,73.94,39,20,4.92
232,Hamilton,US,2022-11-17 05:02:10,39.1834,-84.5333,30.97,73,75,12.66
233,Kedrovyy,RU,2022-11-17 05:10:51,56.1667,91.8167,23.41,77,100,13.49
234,Yellowknife,CA,2022-11-17 05:04:19,62.456,-114.3525,7.32,85,75,2.3
235,Thunder Bay,CA,2022-11-17 05:09:09,48.4001,-89.3168,22.55,93,100,2.42
236,Victoria,HK,2022-11-17 05:08:35,22.2855,114.1577,80.65,79,48,10.0
237,Mingoyo,TZ,2022-11-17 05:10:52,-10.1,39.6333,79.41,70,82,4.05
238,Saint Anthony,US,2022-11-17 05:10:52,45.0205,-93.218,21.15,83,100,6.91
239,Pochutla,MX,2022-11-17 05:10:52,15.7432,-96.4661,75.81,75,100,3.27
240,Baykit,RU,2022-11-17 05:10:53,61.67,96.37,-4.32,93,27,2.98
241,George,ZA,2022-11-17 05:10:53,-33.963,22.4617,60.04,76,74,4.23
242,Shenjiamen,CN,2022-11-17 05:10:53,29.9576,122.298,63.91,85,91,15.64
243,Dawlatabad,AF,2022-11-17 05:10:54,36.4141,64.9053,53.51,46,99,9.82
244,Rockland,US,2022-11-17 05:10:54,41.1668,-74.0496,39.65,78,73,3.0
245,Carmarthen,GB,2022-11-17 05:10:54,51.8555,-4.3054,50.9,87,20,6.91
246,Port Keats,AU,2022-11-17 05:10:55,-14.25,129.55,84.6,67,71,6.02
247,Lorengau,PG,2022-11-17 05:04:58,-2.0226,147.2712,84.97,59,100,8.59
248,Pareora,NZ,2022-11-17 05:10:55,-44.4871,171.2132,61.18,91,100,6.6
249,Najran,SA,2022-11-17 05:04:12,17.4924,44.1277,67.91,25,8,1.19
250,Hilton Head Island,US,2022-11-17 05:07:52,32.2163,-80.7526,50.0,84,0,6.91
251,Letka,RU,2022-11-17 05:10:56,59.6011,49.4232,13.19,94,87,4.81
252,Manokwari,ID,2022-11-17 05:10:56,-0.8667,134.0833,82.85,77,100,5.48
253,Detchino,RU,2022-11-17 05:10:56,54.8092,36.3075,23.45,89,52,3.2
254,Conakry,GN,2022-11-17 05:10:57,9.538,-13.6773,80.35,74,99,5.91
255,Gombong,ID,2022-11-17 05:10:57,-7.6072,109.5142,82.09,80,47,3.91
256,Skibotn,NO,2022-11-17 05:10:58,69.3913,20.2679,35.15,31,8,7.18
257,Lhokseumawe,ID,2022-11-17 05:10:58,5.1801,97.1507,84.29,72,100,5.84
258,Hamirpur,IN,2022-11-17 05:10:58,25.95,80.15,76.41,30,0,8.77
259,Lebu,CL,2022-11-17 05:06:17,-37.6167,-73.65,55.44,94,72,8.14
260,Shush,IR,2022-11-17 05:10:59,32.1942,48.2436,65.55,84,100,19.48
261,Saskylakh,RU,2022-11-17 05:10:59,71.9167,114.0833,-28.59,99,100,4.41
262,Makungu,TZ,2022-11-17 05:11:00,-8.7333,35.2833,64.35,87,87,4.56
263,Ganzhou,CN,2022-11-17 05:11:00,28.8184,115.4327,63.01,77,100,0.96
264,Kichera,RU,2022-11-17 05:11:00,55.9375,110.0997,30.11,88,99,6.89
265,Vostok,RU,2022-11-17 05:11:01,46.4856,135.8833,28.04,68,95,4.12
266,Olga,RU,2022-11-17 05:11:01,43.7444,135.2892,41.23,46,1,1.95
267,Yalta,UA,2022-11-17 05:08:42,44.5,34.1667,54.27,87,84,10.54
268,Nome,US,2022-11-17 05:11:02,64.5011,-165.4064,30.27,74,0,18.41
269,Saint-Louis,SN,2022-11-17 05:11:02,16.3333,-15.0,80.2,40,79,2.8
270,Xochihuehuetlan,MX,2022-11-17 05:11:02,17.9167,-98.4333,65.59,59,32,1.95
271,Cayenne,GF,2022-11-17 05:08:55,4.9333,-52.3333,75.24,94,0,0.0
272,Atuona,PF,2022-11-17 05:04:57,-9.8,-139.0333,78.4,75,11,16.42
273,Thompson,CA,2022-11-17 05:11:03,55.7435,-97.8558,11.3,93,100,9.82
274,Hasaki,JP,2022-11-17 05:04:27,35.7333,140.8333,63.21,59,95,15.75
275,Yenangyaung,MM,2022-11-17 05:11:04,20.4667,94.8833,84.88,42,0,9.33
276,Zaoyang,CN,2022-11-17 05:12:04,32.1272,112.7542,64.63,36,3,3.18
277,Bathsheba,BB,2022-11-17 05:04:26,13.2167,-59.5167,81.21,83,40,13.8
278,Andros Town,BS,2022-11-17 05:12:05,24.7,-77.7667,75.16,77,6,9.93
279,Zyryanka,RU,2022-11-17 05:12:05,65.75,150.85,-8.77,98,100,8.46
280,Vila Velha,BR,2022-11-17 05:08:31,-20.3297,-40.2925,71.55,98,75,1.14
281,Sura,RU,2022-11-17 05:12:05,53.8879,45.7419,26.26,92,100,9.98
282,Newport,GB,2022-11-17 05:08:46,51.5877,-2.9984,49.82,88,100,12.66
283,Chumikan,RU,2022-11-17 05:12:06,54.7183,135.315,18.99,76,40,17.25
284,Belmonte,BR,2022-11-17 05:12:06,-15.8631,-38.8828,74.68,92,100,7.45
285,My Tho,VN,2022-11-17 05:12:07,10.35,106.35,89.1,59,87,7.0
286,Pisco,PE,2022-11-17 05:12:07,-13.7,-76.2167,62.65,82,0,8.05
287,Betafo,MG,2022-11-17 05:12:08,-19.8333,46.85,68.4,74,99,1.14
288,Nchelenge,ZM,2022-11-17 05:12:08,-9.3451,28.734,70.45,78,97,3.06
289,Buchanan,LR,2022-11-17 05:12:08,5.8808,-10.0467,75.69,88,28,1.83
290,Pokosnoye,RU,2022-11-17 05:12:09,55.5258,101.0536,32.32,67,99,7.58
291,Sergeyevka,KZ,2022-11-17 05:12:09,53.88,67.4158,8.15,87,21,6.8
292,Nouadhibou,MR,2022-11-17 05:12:09,20.931,-17.0347,72.5,54,2,9.28
293,Burnie,AU,2022-11-17 05:12:10,-41.0667,145.9167,60.94,60,27,9.53
294,Cotonou,BJ,2022-11-17 05:12:10,6.3654,2.4183,79.68,79,94,7.87
295,Half Moon Bay,US,2022-11-17 05:05:01,37.4636,-122.4286,60.01,52,0,6.91
296,Port Lincoln,AU,2022-11-17 05:12:11,-34.7333,135.8667,63.73,60,2,16.53
297,Laurel,US,2022-11-17 05:12:11,39.0993,-76.8483,42.73,60,100,6.91
298,Linjiang,CN,2022-11-17 05:12:11,41.8069,126.9078,48.45,49,5,6.49
299,Samana,DO,2022-11-17 05:12:12,19.2056,-69.3369,76.98,78,10,7.7
300,Chanthaburi,TH,2022-11-17 05:12:12,12.8333,102.1667,84.52,63,100,1.63
301,Semnan,IR,2022-11-17 05:12:12,35.5729,53.3971,54.36,38,42,2.66
302,Port Hedland,AU,2022-11-17 05:12:13,-20.3167,118.5667,82.45,51,14,18.41
303,Vao,NC,2022-11-17 05:12:13,-22.6667,167.4833,76.55,81,95,8.66
304,Puerto Del Rosario,ES,2022-11-17 05:09:12,28.5004,-13.8627,65.95,94,0,8.05
305,Bratsk,RU,2022-11-17 05:12:14,56.1325,101.6142,32.34,69,100,10.92
306,Mogok,MM,2022-11-17 05:08:07,22.9167,96.5,74.35,38,0,3.22
307,Carlyle,US,2022-11-17 05:12:15,38.6103,-89.3726,30.11,72,9,4.0
308,Madimba,TZ,2022-11-17 05:12:15,-10.4,40.3333,80.02,68,94,6.17
309,Katsuura,JP,2022-11-17 05:11:18,35.1333,140.3,60.66,68,97,16.37
310,Ancud,CL,2022-11-17 05:12:16,-41.8697,-73.8203,53.4,94,56,6.58
311,Elizabeth City,US,2022-11-17 05:10:05,36.2946,-76.2511,49.01,76,0,12.66
312,Tandlianwala,PK,2022-11-17 05:12:16,31.0333,73.1333,74.23,25,0,6.33
313,Aykhal,RU,2022-11-17 05:12:17,66.0,111.5,-20.13,100,99,3.85
314,Katete,UG,2022-11-17 05:12:17,-0.7818,29.7544,61.45,99,100,0.56
315,Amantea,IT,2022-11-17 05:12:17,39.1332,16.0746,62.15,88,99,15.1
316,Angoche,MZ,2022-11-17 05:12:18,-16.2325,39.9086,80.83,65,45,4.41
317,Aron,IN,2022-11-17 05:12:18,24.3833,77.4167,74.55,26,0,6.71
318,Mlonggo,ID,2022-11-17 05:12:19,-6.5333,110.7,86.58,66,58,8.08
319,Buraydah,SA,2022-11-17 05:12:19,26.326,43.975,70.45,28,89,5.26
320,Bud,US,2022-11-17 05:12:20,39.447,-86.1758,30.9,85,76,15.26
321,Ostrovnoy,RU,2022-11-17 05:12:20,68.0531,39.5131,33.67,89,94,16.55
322,Klaksvik,FO,2022-11-17 05:07:59,62.2266,-6.589,49.12,89,95,37.74
323,Ca Mau,VN,2022-11-17 05:12:20,9.1769,105.15,88.32,62,72,10.78
324,Mahibadhoo,MV,2022-11-17 05:12:21,3.7833,72.9667,81.75,76,99,11.48
325,Mantua,IT,2022-11-17 05:12:21,45.1667,10.7833,46.98,92,97,2.33
326,Straumen,NO,2022-11-17 05:12:22,63.8709,11.2999,28.4,61,1,4.38
327,Hushitai,CN,2022-11-17 05:12:22,41.9322,123.5114,57.11,60,8,13.82
328,Nikolskoye,RU,2022-11-17 05:04:21,59.7035,30.7861,33.8,96,98,8.84
329,Rocha,UY,2022-11-17 05:12:23,-34.4833,-54.3333,58.89,76,23,6.49
330,Loukisia,GR,2022-11-17 05:12:23,38.4833,23.45,58.68,71,20,0.0
331,Kindu,CD,2022-11-17 05:12:23,-2.95,25.95,69.28,98,53,0.81
332,Abu Dhabi,AE,2022-11-17 05:12:24,24.4667,54.3667,79.97,76,1,8.66
333,Kahului,US,2022-11-17 05:09:38,20.8947,-156.47,78.82,71,40,11.5
334,Aktau,KZ,2022-11-17 05:12:24,43.65,51.2,46.98,59,100,23.09
335,Hami,CN,2022-11-17 05:09:53,42.8,93.45,44.37,32,100,6.93
336,Saint Augustine,US,2022-11-17 05:11:12,29.8947,-81.3145,58.08,71,0,9.22
337,Todos Santos,MX,2022-11-17 05:12:25,23.45,-110.2167,70.66,73,60,6.04
338,Marzuq,YE,2022-11-17 05:12:26,14.4,46.4667,70.61,38,3,1.9
339,Kormilovka,RU,2022-11-17 05:12:26,55.0026,74.1028,11.77,88,99,8.3
340,Igurusi,TZ,2022-11-17 05:12:26,-8.85,33.85,72.82,57,49,2.55
341,Dudinka,RU,2022-11-17 05:12:27,69.4058,86.1778,-31.74,100,93,4.25
342,Plouzane,FR,2022-11-17 05:12:27,48.3833,-4.6167,52.12,90,75,17.27
343,Jackson,US,2022-11-17 05:12:27,42.4165,-122.8345,44.46,60,0,3.44
344,Nanortalik,GL,2022-11-17 05:06:20,60.1432,-45.2371,18.9,76,21,20.76
345,Miraflores,MX,2022-11-17 05:12:28,19.2167,-98.8083,59.65,64,1,3.29
346,Berlevag,NO,2022-11-17 05:09:55,70.8578,29.0864,44.6,73,14,18.12
347,Naifaru,MV,2022-11-17 05:12:28,5.4444,73.3657,81.1,76,99,8.9
348,Chuy,UY,2022-11-17 05:12:29,-33.6971,-53.4616,59.74,83,2,6.17
349,Kayanga,TZ,2022-11-17 05:12:29,-1.5303,31.1511,61.09,88,93,0.92
350,Da Nang,VN,2022-11-17 05:12:29,16.0678,108.2208,82.38,78,75,2.3
351,Okahandja,NA,2022-11-17 05:12:30,-21.9833,16.9167,70.93,57,17,4.79
352,Nanyamba,TZ,2022-11-17 05:12:30,-10.6833,39.8333,76.68,70,73,4.34
353,Guozhen,CN,2022-11-17 05:12:31,34.3659,107.359,58.71,53,57,7.0
354,Abalak,RU,2022-11-17 05:12:31,58.1286,68.5944,-4.31,84,22,3.04
355,Dingle,PH,2022-11-17 05:12:32,10.9995,122.6711,84.52,73,66,11.12
356,Scottsbluff,US,2022-11-17 05:12:10,41.8666,-103.6672,35.83,64,100,9.22
357,Mortka,RU,2022-11-17 05:12:32,59.3322,66.0214,-6.18,86,23,1.3
358,Monywa,MM,2022-11-17 05:08:07,22.1167,95.1333,80.89,51,0,9.19
359,Bulgan,MN,2022-11-17 05:12:33,48.8125,103.5347,31.14,32,55,3.62
360,Huarmey,PE,2022-11-17 05:12:33,-10.0681,-78.1522,64.58,87,100,8.08
361,Waipawa,NZ,2022-11-17 05:09:56,-41.4122,175.5153,57.54,98,100,3.29
362,Lamu,KE,2022-11-17 05:12:33,-2.2717,40.902,79.02,81,100,2.35
363,Namibe,AO,2022-11-17 05:05:01,-15.1961,12.1522,68.94,78,98,5.46
364,Hovd,MN,2022-11-17 05:12:34,48.0056,91.6419,36.41,24,65,22.3
365,Tautira,PF,2022-11-17 05:12:34,-17.7333,-149.15,77.59,78,83,6.46
366,Mexico,PH,2022-11-17 05:12:35,15.0646,120.7198,88.57,59,84,11.63
367,Burns Lake,CA,2022-11-17 05:12:35,54.2331,-125.7533,20.53,98,38,2.55
368,Arman,RU,2022-11-17 05:13:35,59.7,150.1667,7.02,88,100,8.37
369,Morros,BR,2022-11-17 05:13:36,-9.4467,-46.3003,70.72,89,97,4.07
370,Egvekinot,RU,2022-11-17 05:13:36,66.3167,-179.1667,28.4,99,100,3.71
371,Los Llanos De Aridane,ES,2022-11-17 05:13:36,28.6585,-17.9182,68.13,27,0,11.01
372,Urengoy,RU,2022-11-17 05:13:37,65.9667,78.3667,0.84,97,94,7.43
373,Kerchevskiy,RU,2022-11-17 05:13:37,59.946,56.2884,4.75,93,13,2.04
374,Lethem,GY,2022-11-17 05:13:38,3.3803,-59.7968,78.28,74,94,5.77
375,Ilulissat,GL,2022-11-17 05:05:08,69.2167,-51.1,17.62,79,100,6.91
376,Iskateley,RU,2022-11-17 05:13:38,67.6803,53.1512,11.28,93,85,13.09
377,Longkou,CN,2022-11-17 05:13:38,37.6508,120.3286,59.05,61,0,9.64
378,Palana,RU,2022-11-17 05:13:39,59.1167,159.9667,20.68,93,100,13.2
379,Touros,BR,2022-11-17 05:10:26,-5.1989,-35.4608,77.34,73,5,10.38
380,Beloha,MG,2022-11-17 05:13:40,-25.1667,45.05,76.03,43,0,5.1
381,Santiago Del Estero,AR,2022-11-17 05:13:40,-27.7951,-64.2615,79.68,27,26,15.1
382,Labuhan,ID,2022-11-17 05:06:13,-6.8844,112.2051,88.18,62,92,6.08
383,Skovorodino,RU,2022-11-17 05:13:40,53.9833,123.9167,16.16,91,100,4.72
384,Peleduy,RU,2022-11-17 05:13:41,59.6289,112.7406,32.67,94,100,12.26
385,Pitimbu,BR,2022-11-17 05:13:41,-7.4706,-34.8086,75.79,80,5,8.12
386,Marechal Deodoro,BR,2022-11-17 05:13:41,-9.7103,-35.895,74.61,88,41,5.5
387,Yatou,CN,2022-11-17 05:13:42,37.15,122.3833,60.57,49,0,12.33
388,Hervey Bay,AU,2022-11-17 05:13:42,-25.2986,152.8535,79.02,46,73,8.99
389,Tiznit,MA,2022-11-17 05:13:42,29.5833,-9.5,59.97,34,17,2.21
390,Cockburn Town,TC,2022-11-17 05:13:43,21.4612,-71.1419,81.79,75,13,18.59
391,Tharad,IN,2022-11-17 05:13:43,24.3961,71.6267,81.99,20,0,3.13
392,Margate,GB,2022-11-17 05:13:43,51.3813,1.3862,49.3,96,100,7.0
393,Axim,GH,2022-11-17 05:13:44,4.8699,-2.2405,76.89,81,68,5.01
394,Kiruna,SE,2022-11-17 05:13:44,67.8557,20.2251,11.32,73,0,10.36
395,Novobiryusinskiy,RU,2022-11-17 05:13:44,56.9578,97.7076,30.88,79,87,6.71
396,Kaeo,NZ,2022-11-17 05:13:45,-35.1,173.7833,69.33,80,100,6.96
397,Alofi,NU,2022-11-17 05:10:49,-19.0595,-169.9187,78.28,78,77,10.04
398,Nesebar,BG,2022-11-17 05:13:46,42.7833,27.7333,50.36,92,91,8.14
399,Tabou,CI,2022-11-17 05:13:17,4.423,-7.3528,76.33,85,28,1.16
400,Westport,US,2022-11-17 05:13:46,41.1415,-73.3579,41.83,69,0,11.5
401,Carnarvon,AU,2022-11-17 05:06:18,-24.8667,113.6333,69.51,52,59,19.22
402,Poum,NC,2022-11-17 05:13:47,-20.2333,164.0167,80.47,75,100,4.5
403,Boralday,KZ,2022-11-17 05:13:47,43.3578,76.8594,22.86,80,75,4.47
404,Lingao,CN,2022-11-17 05:13:47,19.9103,109.6859,81.3,76,40,10.58
405,Guerrero Negro,MX,2022-11-17 05:13:48,27.9769,-114.0611,63.5,41,0,5.21
406,Faya,SA,2022-11-17 05:13:48,18.3851,42.4509,61.32,42,4,2.06
407,Bachaquero,VE,2022-11-17 05:13:48,9.9694,-71.1494,78.84,86,100,4.83
408,Leh,IN,2022-11-17 05:13:49,34.1667,77.5833,20.32,71,93,2.59
409,Deputatskiy,RU,2022-11-17 05:09:57,69.3,139.9,-29.76,100,79,2.39
410,Finschhafen,PG,2022-11-17 05:13:49,-6.6024,147.8681,85.6,73,100,8.93
411,Aripuana,BR,2022-11-17 05:13:50,-9.1667,-60.6333,71.26,96,62,0.78
412,Port Hueneme,US,2022-11-17 05:13:50,34.1478,-119.1951,64.42,40,0,17.27
413,Bamnet Narong,TH,2022-11-17 05:13:51,15.4992,101.6897,86.07,64,28,9.01
414,Port Blair,IN,2022-11-17 05:13:51,11.6667,92.75,81.5,77,95,3.15
415,High Level,CA,2022-11-17 05:13:51,58.5169,-117.136,-3.89,84,0,2.3
416,Ahipara,NZ,2022-11-17 05:13:52,-35.1667,173.1667,65.73,85,100,6.98
417,Tiarei,PF,2022-11-17 05:13:52,-17.5333,-149.3333,80.62,74,61,0.85
418,Quelimane,MZ,2022-11-17 05:13:53,-17.8786,36.8883,82.08,66,10,2.77
419,Nioki,CD,2022-11-17 05:13:53,-2.7167,17.6833,69.71,98,100,1.05
420,Dumas,US,2022-11-17 05:13:53,35.8656,-101.9732,27.61,63,0,8.05
421,Labuan,MY,2022-11-17 05:13:54,5.2767,115.2417,81.73,80,100,4.38
422,Waingapu,ID,2022-11-17 05:13:54,-9.6567,120.2641,86.52,65,97,5.88
423,Caraquet,CA,2022-11-17 05:11:25,47.7941,-64.9386,35.13,99,100,18.16
424,Dunedin,NZ,2022-11-17 05:04:22,-45.8742,170.5036,55.8,99,100,5.5
425,Romny,UA,2022-11-17 05:13:55,50.751,33.4747,30.0,96,100,12.08
426,Painesville,US,2022-11-17 05:13:55,41.7245,-81.2457,35.29,85,100,18.41
427,Boyuibe,BO,2022-11-17 05:11:14,-20.4167,-63.2833,68.56,47,76,3.04
428,Hofn,IS,2022-11-17 05:13:56,64.2539,-15.2082,47.05,89,100,23.85
429,Zaqatala,AZ,2022-11-17 05:13:56,41.6336,46.6433,45.07,81,40,2.3
430,Puerto Rico,AR,2022-11-17 05:13:56,-26.796,-55.024,60.17,76,0,1.79
431,Kang,BW,2022-11-17 05:13:57,-23.6752,22.7876,77.95,39,17,3.62
432,Concordia,AR,2022-11-17 05:11:03,-31.393,-58.0209,71.78,65,18,4.0
433,Leninskoye,KZ,2022-11-17 05:13:57,41.7589,69.3864,36.82,56,78,5.17
434,Palmer,US,2022-11-17 05:06:15,42.1584,-72.3287,38.5,83,40,0.0
435,Makamba,BI,2022-11-17 05:13:58,-4.1348,29.804,63.48,89,100,0.83
436,Qazvin,IR,2022-11-17 05:13:58,36.2797,50.0049,50.81,53,90,8.01
437,Port Macquarie,AU,2022-11-17 05:13:59,-31.4333,152.9167,68.9,49,21,15.86
438,Fare,PF,2022-11-17 05:13:59,-16.7,-151.0167,79.2,74,100,2.84
439,Cherskiy,RU,2022-11-17 05:05:05,68.75,161.3,1.06,97,100,3.89
440,Beringovskiy,RU,2022-11-17 05:13:59,63.05,179.3167,31.41,93,100,1.32
441,Gauripur,IN,2022-11-17 05:14:00,26.0835,89.9616,76.84,63,0,7.56
442,Camocim,BR,2022-11-17 05:14:00,-2.9022,-40.8411,76.19,78,16,9.22
443,Karratha,AU,2022-11-17 05:11:04,-20.7377,116.8463,80.06,45,23,21.27
444,Albert Lea,US,2022-11-17 05:14:00,43.648,-93.3683,21.22,86,40,4.61
445,La Macarena,CO,2022-11-17 05:14:01,2.1837,-73.7849,71.28,99,100,2.68
446,Ergani,TR,2022-11-17 05:14:01,38.2653,39.7621,46.29,84,100,2.21
447,Ust-Nera,RU,2022-11-17 05:14:02,64.5667,143.2,-10.34,99,100,2.77
448,Inhambane,MZ,2022-11-17 05:14:02,-23.865,35.3833,76.98,83,20,0.0
449,Takoradi,GH,2022-11-17 05:14:02,4.8845,-1.7554,77.31,82,53,4.79
450,Skelleftea,SE,2022-11-17 05:14:03,64.7507,20.9528,8.96,92,0,4.61
451,Komsomolskiy,UZ,2022-11-17 05:14:04,40.4272,71.7189,41.72,75,8,4.61
452,Buribay,RU,2022-11-17 05:14:04,51.9617,58.1592,22.46,92,100,5.7
453,Jacareacanga,BR,2022-11-17 05:14:04,-6.2222,-57.7528,72.48,96,83,1.43
454,Negombo,LK,2022-11-17 05:14:05,7.2083,79.8358,81.28,64,76,13.31
455,Kortkeros,RU,2022-11-17 05:14:05,61.8106,51.5806,-4.0,95,20,2.89
456,Rassvet,RU,2022-11-17 05:14:05,46.8333,40.75,47.34,78,100,14.2
457,Clyde River,CA,2022-11-17 05:14:06,70.4692,-68.5914,-3.77,77,100,10.36
458,Shaunavon,CA,2022-11-17 05:14:06,49.6501,-108.4181,12.9,90,95,23.55
459,Gravdal,NO,2022-11-17 05:14:06,68.1214,13.5031,33.69,80,0,3.44
460,Amapa,BR,2022-11-17 05:14:07,1.0,-52.0,68.58,90,96,2.19
461,Manacapuru,BR,2022-11-17 05:14:07,-3.2997,-60.6206,77.32,85,97,1.97
462,Sorong,ID,2022-11-17 05:15:07,-0.8833,131.25,85.15,70,48,7.14
463,Mogocha,RU,2022-11-17 05:15:08,53.7333,119.7667,20.79,85,100,0.65
464,Lazaro Cardenas,MX,2022-11-17 05:15:08,17.9583,-102.2,75.87,89,1,3.31
465,Okha,RU,2022-11-17 05:15:09,53.5739,142.9478,22.05,81,15,7.61
466,Nizwa,OM,2022-11-17 05:15:09,22.9333,57.5333,78.73,41,32,1.21
467,Usinsk,RU,2022-11-17 05:15:09,65.9939,57.5281,-9.96,98,39,11.65
468,Maksi,IN,2022-11-17 05:15:10,23.2667,76.15,75.47,28,0,7.92
469,Mushie,CD,2022-11-17 05:15:10,-3.0167,16.9,70.52,98,100,2.21
470,Acuitzio,MX,2022-11-17 05:15:10,20.345,-101.9771,59.36,59,0,2.91
471,Amazar,RU,2022-11-17 05:15:11,53.858,120.875,20.12,88,100,1.25
472,Zaymishche,RU,2022-11-17 05:15:11,52.7264,32.2334,24.67,78,33,10.6
473,Shawnee,US,2022-11-17 05:15:12,39.05,-95.7669,25.18,75,0,8.05
474,Flin Flon,CA,2022-11-17 05:15:12,54.7682,-101.865,14.25,90,100,14.09
475,San Jose,US,2022-11-17 05:14:11,37.3394,-121.895,58.98,46,20,1.99
476,Porto Novo,BJ,2022-11-17 05:15:13,6.4965,2.6036,76.77,85,86,3.78
477,Mount Gambier,AU,2022-11-17 05:12:19,-37.8333,140.7667,60.3,58,88,7.81
478,Tarkwa,GH,2022-11-17 05:15:13,5.3064,-1.9847,72.52,94,70,1.92
479,Gasa,PS,2022-11-17 05:15:14,31.5,34.4667,61.88,63,50,7.05
480,Bayji,IQ,2022-11-17 05:15:14,34.9311,43.487,60.12,73,33,2.19
481,Cabedelo,BR,2022-11-17 05:15:15,-6.9811,-34.8339,75.87,80,14,8.28
482,Comodoro Rivadavia,AR,2022-11-17 05:15:15,-45.8667,-67.5,60.66,44,0,3.44
483,Pacific Grove,US,2022-11-17 05:15:15,36.6177,-121.9166,54.64,50,0,8.05
484,Zemio,CF,2022-11-17 05:11:20,5.0314,25.1361,70.92,72,100,1.63
485,Springbok,ZA,2022-11-17 05:15:16,-29.6643,17.8865,57.78,63,0,0.0
486,Santa Isabel Do Rio Negro,BR,2022-11-17 05:15:16,-0.4139,-65.0192,73.67,99,100,0.09
487,Cooma,AU,2022-11-17 05:15:17,-36.2333,149.1333,58.98,40,13,9.86
488,Portland,US,2022-11-17 05:15:17,45.5234,-122.6762,40.73,71,0,15.01
489,Namatanai,PG,2022-11-17 05:15:18,-3.6667,152.4333,83.91,68,100,10.96
490,Buffalo,US,2022-11-17 05:14:32,42.8865,-78.8784,34.48,84,100,3.44
491,Moose Factory,CA,2022-11-17 05:14:32,51.2585,-80.6094,13.98,85,40,6.91
492,Fairlie,GB,2022-11-17 05:11:57,55.756,-4.8556,44.22,91,91,1.01
493,Point Fortin,TT,2022-11-17 05:15:19,10.1833,-61.6833,75.88,83,99,10.49
494,Santa Vitoria Do Palmar,BR,2022-11-17 05:15:19,-33.5189,-53.3681,60.51,82,1,5.41
495,Erzin,TR,2022-11-17 05:15:19,36.9559,36.2,57.6,74,94,4.36
496,Atikokan,CA,2022-11-17 05:15:20,48.7555,-91.6216,19.74,97,98,2.95
497,Sena Madureira,BR,2022-11-17 05:15:20,-9.0656,-68.6569,72.57,97,46,1.12
498,Sarangani,PH,2022-11-17 05:15:21,5.4033,125.4636,80.47,79,100,19.66
499,Rudnogorsk,RU,2022-11-17 05:15:21,57.2639,103.7519,29.95,80,100,9.1
500,Jinxiang,CN,2022-11-17 05:15:22,27.4327,120.6062,72.73,74,25,5.5
501,Jaszbereny,HU,2022-11-17 05:15:22,47.5,19.9167,46.29,87,99,5.37
502,Padilla,CO,2022-11-17 05:15:23,3.2204,-76.3139,67.57,95,100,2.15
503,Flagstaff,US,2022-11-17 05:11:12,35.1981,-111.6513,31.66,44,0,12.66
504,Bemidji,US,2022-11-17 05:15:23,47.4736,-94.8803,19.18,90,100,0.0
505,Le Mars,US,2022-11-17 05:15:24,42.7942,-96.1656,26.44,74,100,5.75
506,Alta Floresta,BR,2022-11-17 05:15:24,-9.8756,-56.0861,71.19,92,46,1.81
507,Hirara,JP,2022-11-17 05:15:24,24.8,125.2833,77.56,81,5,13.91
508,Lamphun,TH,2022-11-17 05:15:25,18.25,98.9167,84.33,59,44,0.67
509,Galle,LK,2022-11-17 05:15:25,6.0367,80.217,82.18,70,59,4.72
510,Kalmunai,LK,2022-11-17 05:15:25,7.4167,81.8167,81.16,66,57,13.24
511,Chihuahua,MX,2022-11-17 05:13:59,28.5,-106.0,42.21,50,0,3.94
512,Neuquen,AR,2022-11-17 05:15:26,-38.9516,-68.0591,67.89,56,0,3.44
513,Quthing,LS,2022-11-17 05:15:26,-30.4,27.7003,64.78,60,4,2.13
514,Nezhinka,RU,2022-11-17 05:15:27,51.7676,55.3694,24.96,93,100,11.18
515,Zatoka,UA,2022-11-17 05:15:27,46.0725,30.4654,48.11,71,89,4.81
516,Aden,YE,2022-11-17 05:15:28,12.7794,45.0367,80.28,66,2,15.48
517,Olinda,BR,2022-11-17 05:11:17,-8.0089,-34.8553,74.93,83,100,3.44
518,Kasempa,ZM,2022-11-17 05:15:28,-13.4584,25.8338,66.88,81,88,1.14
519,Ada,US,2022-11-17 05:15:29,43.4166,-116.1262,25.41,88,0,3.0
520,Hambantota,LK,2022-11-17 05:15:29,6.1241,81.1185,82.54,69,70,3.06
521,Escanaba,US,2022-11-17 05:15:30,45.7453,-87.0646,28.71,98,20,0.0
522,Chiredzi,ZW,2022-11-17 05:15:30,-21.05,31.6667,79.97,38,0,3.15
523,Bandarbeyla,SO,2022-11-17 05:15:31,9.4942,50.8122,79.7,67,8,14.38
524,Cap-Aux-Meules,CA,2022-11-17 05:15:31,47.3821,-61.8597,42.82,100,100,25.32
525,Uva,RU,2022-11-17 05:15:31,56.9908,52.1852,17.15,93,100,6.64
526,Totness,SR,2022-11-17 05:15:32,5.8833,-56.3167,78.87,85,100,9.1
527,Keti Bandar,PK,2022-11-17 05:15:32,24.1447,67.4497,82.22,51,0,6.08
528,Santa Rosa,PH,2022-11-17 05:15:32,14.3122,121.1114,88.11,72,83,12.03
529,Merauke,ID,2022-11-17 05:15:33,-8.4667,140.3333,83.46,73,100,3.22
530,Anadyr,RU,2022-11-17 05:15:33,64.75,177.4833,28.9,100,40,4.47
531,Puerto Madryn,AR,2022-11-17 05:15:33,-42.7692,-65.0385,59.7,58,61,17.94
532,Inhuma,BR,2022-11-17 05:11:25,-6.6683,-41.7078,75.56,54,92,2.68
533,Conceicao Do Araguaia,BR,2022-11-17 05:13:12,-8.2578,-49.2647,73.06,94,93,1.77
534,Majene,ID,2022-11-17 05:15:34,-3.5403,118.9707,85.46,69,100,7.61
535,Colac,AU,2022-11-17 05:14:47,-38.3333,143.5833,61.18,67,100,2.13
536,Hengshui,CN,2022-11-17 05:11:25,37.7322,115.7011,61.86,35,0,4.54
537,Camacupa,AO,2022-11-17 05:15:35,-12.0167,17.4833,60.93,87,95,2.01
538,Canberra,AU,2022-11-17 05:10:36,-35.2835,149.1281,65.52,42,40,12.66
539,Callaguip,PH,2022-11-17 05:15:35,18.0714,120.4867,84.7,64,2,11.12
540,Kingaroy,AU,2022-11-17 05:15:35,-26.5333,151.8333,76.35,18,85,8.55
541,Krasnyy Tkach,RU,2022-11-17 05:15:36,55.4721,39.0802,23.07,83,85,3.38
542,Newcastle,AU,2022-11-17 05:15:37,-32.9272,151.7765,66.09,58,20,19.57
543,Yarada,IN,2022-11-17 05:15:37,17.65,83.2667,84.52,48,1,8.05
544,Meulaboh,ID,2022-11-17 05:15:37,4.1363,96.1285,81.79,74,100,5.57
545,Huangpi,CN,2022-11-17 05:15:38,30.8845,114.3779,66.22,41,0,2.24
546,Honningsvag,NO,2022-11-17 05:15:38,70.9821,25.9704,42.55,75,75,9.22
547,Bereda,ES,2022-11-17 05:15:39,43.2686,-7.5406,54.41,96,81,8.86
548,Ewa Beach,US,2022-11-17 05:15:39,21.3156,-158.0072,77.09,67,0,8.05
549,Sibolga,ID,2022-11-17 05:15:40,1.7427,98.7792,78.98,83,100,1.63
550,Nadapuram,IN,2022-11-17 05:15:40,11.7,75.6667,85.98,55,98,1.74
551,Kanke,IN,2022-11-17 05:15:40,23.4333,85.3167,75.22,43,0,3.44
552,Chicama,PE,2022-11-17 05:15:41,-7.8447,-79.1469,59.54,85,100,5.84
553,Byron Bay,AU,2022-11-17 05:13:25,-28.65,153.6167,70.95,46,16,13.06
554,Aleksandrov Gay,RU,2022-11-17 05:15:41,50.147,48.5704,33.66,87,100,12.84
555,Lulea,SE,2022-11-17 05:16:42,65.5842,22.1547,8.67,85,0,3.44
556,Mopipi,BW,2022-11-17 05:16:42,-21.1833,24.8833,77.43,29,22,7.94
557,Amet,IN,2022-11-17 05:16:43,25.3,73.9333,73.89,23,0,3.13
558,Bafq,IR,2022-11-17 05:16:43,31.6128,55.4107,68.36,29,83,10.69
559,Lodja,CD,2022-11-17 05:16:43,-3.4833,23.4333,69.35,92,92,1.1
560,Tagusao,PH,2022-11-17 05:16:44,9.1924,117.8141,86.18,67,100,6.11
561,Kushmurun,KZ,2022-11-17 05:16:44,52.4503,64.6311,15.1,93,96,1.59
562,Kamenka,RU,2022-11-17 05:16:44,51.3223,42.7678,31.3,99,100,6.82
563,Urumqi,CN,2022-11-17 05:16:45,43.801,87.6005,29.35,100,100,6.71
